group,account
MarketingUser,2
MarketingUser,4
MarketingUser,6
MarketingUser,8
MarketingUser,10
MarketingUser,12
MarketingUser,14
MarketingUser,16
MarketingUser,18
MarketingUser,20
MarketingUser,22
MarketingUser,24
MarketingUser,26
MarketingUser,28
MarketingUser,30
MarketingUser,33
MarketingUser,35
MarketingUser,37
MarketingUser,39
MarketingUser,41
MarketingUser,43
MarketingUser,45
MarketingUser,48
MarketingUser,50
MarketingUser,52
MarketingUser,55
MarketingUser,61
MarketingUser,63
MarketingUser,65
MarketingUser,67
MarketingUser,69
MarketingUser,72
MarketingUser,74
MarketingUser,76
MarketingUser,79
MarketingUser,83
MarketingUser,85
MarketingUser,87
MarketingUser,90
MarketingUser,94
MarketingUser,99
MarketingUser,101
MarketingUser,103
MarketingUser,105
MarketingUser,107
MarketingUser,110
MarketingUser,112
MarketingUser,114
MarketingUser,117
MarketingUser,121
MarketingUser,123
MarketingUser,125
MarketingUser,128
MarketingUser,132
MarketingUser,139
MarketingUser,142
MarketingUser,146
MarketingUser,151
MarketingUser,157
MarketingUser,163
MarketingUser,165
MarketingUser,167
MarketingUser,170
MarketingUser,174
MarketingUser,176
MarketingUser,178
MarketingUser,181
MarketingUser,185
MarketingUser,192
MarketingUser,195
MarketingUser,199
MarketingUser,204
MarketingUser,210
MarketingUser,213
MarketingUser,217
MarketingUser,222
MarketingUser,235
MarketingUser,237
MarketingUser,239
MarketingUser,243
MarketingUser,245
MarketingUser,247
MarketingUser,250
MarketingUser,254
MarketingUser,261
MarketingUser,264
MarketingUser,268
MarketingUser,273
MarketingUser,279
MarketingUser,282
MarketingUser,286
MarketingUser,291
MarketingUser,303
MarketingUser,308
MarketingUser,313
MarketingUser,329
MarketingUser,331
MarketingUser,334
MarketingUser,336
MarketingUser,337
MarketingUser,339
MarketingUser,341
MarketingUser,347
MarketingUser,350
MarketingUser,354
MarketingUser,359
MarketingUser,365
MarketingUser,368
MarketingUser,372
MarketingUser,377
MarketingUser,389
MarketingUser,394
MarketingUser,399
MarketingUser,417
MarketingUser,421
MarketingUser,442
MarketingUser,444
MarketingUser,446
MarketingUser,450
MarketingUser,453
MarketingUser,460
MarketingUser,466
MarketingUser,469
MarketingUser,473
MarketingUser,478
MarketingUser,490
MarketingUser,495
MarketingUser,500
MarketingUser,518
MarketingUser,522
MarketingUser,544
MarketingUser,565
MarketingUser,568
MarketingUser,575
MarketingUser,579
MarketingUser,587
MarketingUser,592
MarketingUser,597
MarketingUser,615
MarketingUser,619
MarketingUser,641
MarketingUser,663
MarketingUser,686
MarketingUser,693
MarketingUser,698
MarketingUser,712
MarketingUser,716
MarketingUser,738
MarketingUser,760
MarketingUser,793
MarketingUser,802
MarketingUser,805
MarketingUser,817
MarketingUser,839
MarketingUser,878
MarketingUser,899
MarketingUser,952